geometry,address,score
"X: -8089502.95590043, Y: 5123211.99061644, Z: NaN",90 LEDYARD ST,100
