address,min_latitude,max_latitude,min_longitude,max_longitude,category
132 GILMAN ST,41.736343477732525,41.73664795618245,-72.68337052010384,-72.68308243709271,Occupied Structure
77 DOUGLAS ST,41.73728802798103,41.73762862840309,-72.68123268090525,-72.68085031321408,Occupied Structure
133 DOUGLAS ST,41.736605051510395,41.7369046145107,-72.68348874827267,-72.68320021642757,Vacant Lot
36 NEWINGTON AV,41.73115458130549,41.73249849824691,-72.70714207143654,-72.70607325519225,Vacant Lot
880 MAPLE AV,41.73519863650657,41.73542417155634,-72.68665260962997,-72.68626022982995,Vacant Structure
